Source,Target,SourceIndex,TargetIndex,ABIDE_I_Hedges_g,ABIDE_II_Hedges_g,ABIDE_I_AbsHedges_g,ABIDE_II_AbsHedges_g,MeanAbsHedges_g,ABIDE_I_QValue,ABIDE_II_QValue,ABIDE_I_Rank,ABIDE_II_Rank,SameDirection,Replicated,ReplicationClass,ReplicatedRank
ROI_001,ROI_069,0,68,0.24654577366929922,0.17745506575035086,0.24654577366929922,0.17745506575035086,0.21200041970982503,0.008380767362717593,0.0467119369426159,275,967,True,True,replicated_ASD_enhanced,134
ROI_001,ROI_070,0,69,0.26588794490912376,0.22702972004228142,0.26588794490912376,0.22702972004228142,0.2464588324757026,0.003947094854229418,0.00884969402625138,200,345,True,True,replicated_ASD_enhanced,82
ROI_003,ROI_086,2,85,0.25324373962558294,0.2752232668768201,0.25324373962558294,0.2752232668768201,0.26423350325120154,0.007102909652855171,0.0011113824364663923,244,130,True,True,replicated_ASD_enhanced,49
ROI_004,ROI_035,3,34,0.19606792753296792,0.17945400005082998,0.19606792753296792,0.17945400005082998,0.18776096379189894,0.04386788538987187,0.0429959532223952,712,932,True,True,replicated_ASD_enhanced,168
ROI_005,ROI_086,4,85,0.19783715924802067,0.2520594951500817,0.19783715924802067,0.2520594951500817,0.22494832719905117,0.04283484132568526,0.003377154482053994,688,197,True,True,replicated_ASD_enhanced,117
ROI_007,ROI_086,6,85,0.22129438594264214,0.2805872430440717,0.22129438594264214,0.2805872430440717,0.2509408144933569,0.02037549320813518,0.000881760472808618,460,114,True,True,replicated_ASD_enhanced,77
ROI_009,ROI_089,8,88,0.3102587561904342,0.24306916900984477,0.3102587561904342,0.24306916900984477,0.2766639626001395,0.0006745539864615328,0.005134281202825773,68,251,True,True,replicated_ASD_enhanced,32
ROI_012,ROI_025,11,24,-0.19940125384297042,-0.24419014702895137,0.19940125384297042,0.24419014702895137,0.2217957004359609,0.04037731149283085,0.004807317405514234,662,241,True,True,replicated_ASD_reduced,122
ROI_012,ROI_027,11,26,-0.1908561098565599,-0.19905244356120994,0.1908561098565599,0.19905244356120994,0.19495427670888493,0.04982871367323415,0.02507177836797714,773,620,True,True,replicated_ASD_reduced,155
ROI_012,ROI_029,11,28,0.19926255279270258,0.19464756352966456,0.19926255279270258,0.19464756352966456,0.19695505816118358,0.04133756203439202,0.028448638218154944,664,687,True,True,replicated_ASD_enhanced,151
ROI_012,ROI_088,11,87,-0.19881179658566478,-0.25515383463996694,0.19881179658566478,0.25515383463996694,0.22698281561281586,0.041864279485056194,0.0034305277208421924,674,187,True,True,replicated_ASD_reduced,114
ROI_013,ROI_026,12,25,-0.2754432051649889,-0.19494218804701627,0.2754432051649889,0.19494218804701627,0.23519269660600256,0.0027258118091508083,0.02853594671286917,159,680,True,True,replicated_ASD_reduced,102
ROI_013,ROI_040,12,39,-0.24343996840890567,-0.21015483095431894,0.24343996840890567,0.21015483095431894,0.2267973996816123,0.009851426023690837,0.016695434279102507,293,505,True,True,replicated_ASD_reduced,115
ROI_014,ROI_026,13,25,-0.30030360245287685,-0.2216240820790125,0.30030360245287685,0.2216240820790125,0.26096384226594466,0.0010145993084037094,0.01197574551064913,86,392,True,True,replicated_ASD_reduced,53
ROI_014,ROI_027,13,26,-0.26428698750035123,-0.2509968104047017,0.26428698750035123,0.2509968104047017,0.2576418989525264,0.004098861124619159,0.004075084079799025,208,204,True,True,replicated_ASD_reduced,60
ROI_014,ROI_028,13,27,-0.32017862588069845,-0.19152044693932352,0.32017862588069845,0.19152044693932352,0.25584953641001096,0.000415017136832787,0.0321725808500271,55,717,True,True,replicated_ASD_reduced,63
ROI_017,ROI_077,16,76,-0.261889579949284,-0.17873579156782712,0.261889579949284,0.17873579156782712,0.22031268575855556,0.004384111820133937,0.04431865870917675,220,946,True,True,replicated_ASD_reduced,125
ROI_017,ROI_078,16,77,-0.33144300000032595,-0.1990060342047538,0.33144300000032595,0.1990060342047538,0.26522451710253986,0.00020092193500994047,0.02417018398713383,45,622,True,True,replicated_ASD_reduced,48
ROI_018,ROI_063,17,62,0.21364272582330168,0.21528486954396756,0.21364272582330168,0.21528486954396756,0.2144637976836346,0.026281590881682713,0.014240511158346613,526,446,True,True,replicated_ASD_enhanced,131
ROI_023,ROI_088,22,87,0.24449315795370744,0.1936614816358888,0.24449315795370744,0.1936614816358888,0.2190773197947981,0.009662864041627046,0.02948743855628224,290,696,True,True,replicated_ASD_enhanced,127
ROI_024,ROI_025,23,24,0.21740825951357415,0.18968377508186315,0.21740825951357415,0.18968377508186315,0.20354601729771865,0.02240148954488994,0.03399416520656659,496,743,True,True,replicated_ASD_enhanced,145
ROI_024,ROI_065,23,64,0.19575146496412,0.29256909186306823,0.19575146496412,0.29256909186306823,0.2441602784135941,0.04488093245417875,0.0005288544409419754,716,84,True,True,replicated_ASD_enhanced,86
ROI_024,ROI_067,23,66,0.20152138671101433,0.18757549891391484,0.20152138671101433,0.18757549891391484,0.19454844281246458,0.03822503933564883,0.035034999509215584,638,785,True,True,replicated_ASD_enhanced,157
ROI_025,ROI_024,24,23,0.2287252366556188,0.21420305273371074,0.2287252366556188,0.21420305273371074,0.22146414469466477,0.016147274542118874,0.014792830534279981,384,465,True,True,replicated_ASD_enhanced,124
ROI_025,ROI_067,24,66,0.21072169127231852,0.1792102275483608,0.21072169127231852,0.1792102275483608,0.19496595941033967,0.02804424162557799,0.04326255145960182,558,937,True,True,replicated_ASD_enhanced,154
ROI_026,ROI_013,25,12,-0.1934529039621436,-0.18884445891147142,0.1934529039621436,0.18884445891147142,0.19114868143680752,0.04942438138216158,0.0349253847031313,736,762,True,True,replicated_ASD_reduced,164
ROI_026,ROI_014,25,13,-0.242700009870324,-0.20149588523918913,0.242700009870324,0.20149588523918913,0.22209794755475656,0.01010269345809,0.023639905658482008,300,595,True,True,replicated_ASD_reduced,121
ROI_026,ROI_025,25,24,0.2002417693827613,0.18961440481555492,0.2002417693827613,0.18961440481555492,0.1949280870991581,0.04126833450737626,0.034757888325212545,651,745,True,True,replicated_ASD_enhanced,156
ROI_026,ROI_035,25,34,0.21690583886859446,0.3665120818396791,0.21690583886859446,0.3665120818396791,0.2917089603541368,0.022610545949694878,6.175196655807294e-06,501,15,True,True,replicated_ASD_enhanced,22
ROI_026,ROI_036,25,35,0.20980864398150628,0.29977842175502895,0.20980864398150628,0.29977842175502895,0.2547935328682676,0.02827365369726163,0.00034855458902373793,567,71,True,True,replicated_ASD_enhanced,68
ROI_026,ROI_067,25,66,0.3098849808661979,0.24329268541219798,0.3098849808661979,0.24329268541219798,0.27658883313919796,0.0006463959001566589,0.004807317405514234,69,250,True,True,replicated_ASD_enhanced,33
ROI_027,ROI_014,26,13,-0.217502473843725,-0.23180820484152762,0.217502473843725,0.23180820484152762,0.22465533934262633,0.022875789255224273,0.008193513133907222,495,315,True,True,replicated_ASD_reduced,118
ROI_028,ROI_014,27,13,-0.3024039258739975,-0.17738013599162084,0.3024039258739975,0.17738013599162084,0.23989203093280917,0.0010081174244410411,0.047452470603630684,81,971,True,True,replicated_ASD_reduced,96
ROI_028,ROI_064,27,63,-0.19657285980421504,-0.1805291239471483,0.19657285980421504,0.1805291239471483,0.18855099187568167,0.04474486268333543,0.04431805955566864,704,902,True,True,replicated_ASD_reduced,167
ROI_029,ROI_012,28,11,0.20070043952515848,0.18582265692464556,0.20070043952515848,0.18582265692464556,0.19326154822490202,0.03978990085910644,0.03671589177990128,647,820,True,True,replicated_ASD_enhanced,158
ROI_030,ROI_023,29,22,-0.19954461370877863,-0.21951471766870614,0.19954461370877863,0.21951471766870614,0.20952966568874237,0.04230193837314035,0.012808899214823206,660,412,True,True,replicated_ASD_reduced,139
ROI_032,ROI_035,31,34,0.21035465576439882,0.24645003316907796,0.21035465576439882,0.24645003316907796,0.2284023444667384,0.029074902656634153,0.004409273738400697,560,228,True,True,replicated_ASD_enhanced,111
ROI_032,ROI_036,31,35,0.22707907827522186,0.2864535321380337,0.22707907827522186,0.2864535321380337,0.2567663052066278,0.01586760161728425,0.0006960320671799636,411,99,True,True,replicated_ASD_enhanced,62
ROI_034,ROI_059,33,58,-0.22788955820070117,-0.21525939766782742,0.22788955820070117,0.21525939766782742,0.2215744779342643,0.016933497405565552,0.014269907891440598,396,447,True,True,replicated_ASD_reduced,123
ROI_034,ROI_069,33,68,-0.21153907443986533,-0.21034509136507085,0.21153907443986533,0.21034509136507085,0.21094208290246808,0.026281590881682713,0.016364262236027355,551,502,True,True,replicated_ASD_reduced,137
ROI_034,ROI_070,33,69,-0.2417820992780086,-0.1806464095504781,0.2417820992780086,0.1806464095504781,0.21121425441424335,0.009851426023690837,0.04326255145960182,306,900,True,True,replicated_ASD_reduced,135
ROI_035,ROI_068,34,67,0.19638184147506815,0.1884810925910764,0.19638184147506815,0.1884810925910764,0.1924314670330723,0.0436174127356128,0.034089720644297564,705,770,True,True,replicated_ASD_enhanced,162
ROI_035,ROI_081,34,80,-0.20489144176261687,-0.22016991598589017,0.20489144176261687,0.22016991598589017,0.21253067887425353,0.03529271985052005,0.01197574551064913,608,406,True,True,replicated_ASD_reduced,133
ROI_036,ROI_032,35,31,0.20198678218490665,0.2947165746575058,0.20198678218490665,0.2947165746575058,0.2483516784212062,0.034526991530430415,0.0004691385658093059,633,80,True,True,replicated_ASD_enhanced,78
ROI_036,ROI_035,35,34,0.23738905042187017,0.17899281638821202,0.23738905042187017,0.17899281638821202,0.20819093340504108,0.01109720070793532,0.04522830986710576,336,942,True,True,replicated_ASD_enhanced,141
ROI_036,ROI_057,35,56,-0.19315294191597246,-0.1867060081541801,0.19315294191597246,0.1867060081541801,0.1899294750350763,0.048787080690283584,0.03671589177990128,741,799,True,True,replicated_ASD_reduced,166
ROI_036,ROI_071,35,70,0.22509205699120174,0.17658783990012986,0.22509205699120174,0.17658783990012986,0.2008399484456658,0.016325537083301075,0.046008879233623984,432,985,True,True,replicated_ASD_enhanced,149
ROI_036,ROI_081,35,80,-0.25218625038793124,-0.29713925745287817,0.25218625038793124,0.29713925745287817,0.27466275392040473,0.007444134448256525,0.00044705069905996437,247,77,True,True,replicated_ASD_reduced,37
ROI_037,ROI_055,36,54,-0.23859752304032023,-0.3010985849052913,0.23859752304032023,0.3010985849052913,0.26984805397280576,0.01170416459446061,0.000320973508398349,328,70,True,True,replicated_ASD_reduced,44
ROI_037,ROI_085,36,84,-0.43607445386773275,-0.3247704602663682,0.43607445386773275,0.3247704602663682,0.38042245706705047,2.061051589319761e-07,8.13116170487968e-05,9,44,True,True,replicated_ASD_reduced,1
ROI_037,ROI_086,36,85,-0.2909275574935339,-0.26627532917321833,0.2909275574935339,0.26627532917321833,0.2786014433333761,0.0015274755626698022,0.0018221690658175218,111,148,True,True,replicated_ASD_reduced,28
ROI_037,ROI_089,36,88,-0.2662705206156987,-0.24529565442561177,0.2662705206156987,0.24529565442561177,0.25578308752065526,0.003932750859835545,0.004700486136375771,196,236,True,True,replicated_ASD_reduced,64
ROI_038,ROI_055,37,54,-0.24623243155188618,-0.216523042062493,0.24623243155188618,0.216523042062493,0.2313777368071896,0.009179348877097277,0.013658826992240677,276,434,True,True,replicated_ASD_reduced,105
ROI_038,ROI_085,37,84,-0.36658139501218107,-0.19594507260507713,0.36658139501218107,0.19594507260507713,0.2812632338086291,2.5334411262949723e-05,0.027379077098065092,28,664,True,True,replicated_ASD_reduced,27
ROI_038,ROI_086,37,85,-0.45718645965378346,-0.278232032539504,0.45718645965378346,0.278232032539504,0.36770924609664374,5.167112676134804e-08,0.0009768074587351648,5,121,True,True,replicated_ASD_reduced,6
ROI_038,ROI_088,37,87,-0.29114538148079305,-0.1916073782894904,0.29114538148079305,0.1916073782894904,0.2413763798851417,0.0016551566148276943,0.03155872962095662,107,715,True,True,replicated_ASD_reduced,92
ROI_038,ROI_089,37,88,-0.28600859824254804,-0.2163192345574316,0.28600859824254804,0.2163192345574316,0.2511639163999898,0.0020037124298347853,0.013874363509821868,123,438,True,True,replicated_ASD_reduced,75
ROI_038,ROI_090,37,89,-0.32739258464018833,-0.19791245396340695,0.32739258464018833,0.19791245396340695,0.26265251930179767,0.00030486879480503203,0.02507177836797714,51,637,True,True,replicated_ASD_reduced,51
ROI_041,ROI_015,40,14,-0.19719862027637278,-0.18864415504683232,0.19719862027637278,0.18864415504683232,0.19292138766160255,0.04230193837314035,0.03470041928420134,695,767,True,True,replicated_ASD_reduced,160
ROI_041,ROI_085,40,84,-0.29626777487947964,-0.28199143199002813,0.29626777487947964,0.28199143199002813,0.2891296034347539,0.0012371531831229818,0.0008727594986328391,96,110,True,True,replicated_ASD_reduced,23
ROI_042,ROI_085,41,84,-0.24061523589534156,-0.19528992722931796,0.24061523589534156,0.19528992722931796,0.21795258156232977,0.010754218187903557,0.028448638218154944,320,676,True,True,replicated_ASD_reduced,128
ROI_042,ROI_088,41,87,-0.2712384735547849,-0.277973528719836,0.2712384735547849,0.277973528719836,0.2746060011373105,0.003556101647432755,0.0011252151700876468,174,123,True,True,replicated_ASD_reduced,38
ROI_050,ROI_055,49,54,0.22872659517614707,0.3173159566019841,0.22872659517614707,0.3173159566019841,0.27302127588906555,0.015653805484431602,0.00012935628538135127,383,48,True,True,replicated_ASD_enhanced,42
ROI_052,ROI_053,51,52,0.21774479508550498,0.2608644512001536,0.21774479508550498,0.2608644512001536,0.2393046231428293,0.02195349733628856,0.0023074725545490023,492,166,True,True,replicated_ASD_enhanced,97
ROI_052,ROI_054,51,53,0.1925463537511645,0.2467350569795984,0.1925463537511645,0.2467350569795984,0.21964070536538144,0.04995951160610271,0.004409273738400697,747,225,True,True,replicated_ASD_enhanced,126
ROI_055,ROI_037,54,36,-0.2262313143273146,-0.28434416451917727,0.2262313143273146,0.28434416451917727,0.25528773942324595,0.017475574642201324,0.0007347303995628977,419,105,True,True,replicated_ASD_reduced,66
ROI_055,ROI_038,54,37,-0.2689336271251604,-0.2157958113697325,0.2689336271251604,0.2157958113697325,0.24236471924744646,0.0036494967153772135,0.014176927477169346,183,441,True,True,replicated_ASD_reduced,91
ROI_055,ROI_045,54,44,0.1997282221245513,0.35245478162465077,0.1997282221245513,0.35245478162465077,0.276091501874601,0.04046986712695263,1.3662636969906756e-05,656,23,True,True,replicated_ASD_enhanced,34
ROI_055,ROI_050,54,49,0.23317796991563766,0.31726408070344175,0.23317796991563766,0.31726408070344175,0.27522102530953974,0.013575308693873763,0.00012935628538135127,352,49,True,True,replicated_ASD_enhanced,35
ROI_055,ROI_052,54,51,0.19716932014573996,0.18889454652618634,0.19716932014573996,0.18889454652618634,0.19303193333596314,0.04230193837314035,0.034079524493302676,698,756,True,True,replicated_ASD_enhanced,159
ROI_055,ROI_059,54,58,0.20651543949688572,0.27854677546627743,0.20651543949688572,0.27854677546627743,0.24253110748158158,0.03332332235634505,0.0009333549847312685,593,120,True,True,replicated_ASD_enhanced,90
ROI_055,ROI_060,54,59,0.2214882646209065,0.28907943943853887,0.2214882646209065,0.28907943943853887,0.2552838520297227,0.020661504215850432,0.0005288544409419754,459,95,True,True,replicated_ASD_enhanced,67
ROI_056,ROI_076,55,75,-0.2803686714255327,-0.22608703307265543,0.2803686714255327,0.22608703307265543,0.25322785224909405,0.002420993555963758,0.01026896460607859,140,354,True,True,replicated_ASD_reduced,72
ROI_057,ROI_036,56,35,-0.21007919385505677,-0.24052320704462396,0.21007919385505677,0.24052320704462396,0.22530120044984037,0.02843631601426564,0.0056765046631365515,565,267,True,True,replicated_ASD_reduced,116
ROI_057,ROI_058,56,57,0.3193369047972219,0.3176441559525568,0.3193369047972219,0.3176441559525568,0.31849053037488934,0.0003137221379893897,0.0001375784948373762,57,47,True,True,replicated_ASD_enhanced,14
ROI_057,ROI_070,56,69,0.4111556688545154,0.20804859285872093,0.4111556688545154,0.20804859285872093,0.30960213085661814,5.363957848219825e-07,0.017671723985120374,17,527,True,True,replicated_ASD_enhanced,18
ROI_058,ROI_057,57,56,0.33683051539805936,0.3330690114318975,0.33683051539805936,0.3330690114318975,0.3349497634149784,0.00011968593649972575,5.070597018988538e-05,43,39,True,True,replicated_ASD_enhanced,10
ROI_059,ROI_032,58,31,-0.2340627470809859,-0.18569021318589582,0.2340627470809859,0.18569021318589582,0.20987648013344085,0.01354549902141078,0.038101682489229585,350,822,True,True,replicated_ASD_reduced,138
ROI_059,ROI_034,58,33,-0.2635322494751851,-0.21666119813091284,0.2635322494751851,0.21666119813091284,0.24009672380304897,0.0042732712883212925,0.013864276815727414,212,433,True,True,replicated_ASD_reduced,95
ROI_060,ROI_055,59,54,0.24147472338466533,0.3049670518340235,0.24147472338466533,0.3049670518340235,0.27322088760934443,0.010542665976321473,0.0002336053304469142,309,65,True,True,replicated_ASD_enhanced,41
ROI_060,ROI_090,59,89,0.2764178087792874,0.3468848086353921,0.2764178087792874,0.3468848086353921,0.31165130870733976,0.002616931222249092,1.9963386983435817e-05,154,26,True,True,replicated_ASD_enhanced,16
ROI_063,ROI_014,62,13,0.19229978703925976,0.1895132456843079,0.19229978703925976,0.1895132456843079,0.19090651636178385,0.04942438138216158,0.033667290253234,755,747,True,True,replicated_ASD_enhanced,165
ROI_063,ROI_018,62,17,0.1952549788403349,0.2128930065610604,0.1952549788403349,0.2128930065610604,0.20407399270069765,0.04655568941711074,0.015208164238239348,722,477,True,True,replicated_ASD_enhanced,144
ROI_064,ROI_028,63,27,-0.19487448114009195,-0.18813151998931818,0.19487448114009195,0.18813151998931818,0.19150300056470507,0.047559754740306937,0.035742543845436174,725,775,True,True,replicated_ASD_reduced,163
ROI_065,ROI_024,64,23,0.19458091728092491,0.2995626359883325,0.19458091728092491,0.2995626359883325,0.2470717766346287,0.04655568941711074,0.0003660272918177955,727,72,True,True,replicated_ASD_enhanced,81
ROI_065,ROI_088,64,87,0.2656088482734306,0.2531766502827327,0.2656088482734306,0.2531766502827327,0.25939274927808165,0.0039569164639083765,0.0034731813984958727,201,193,True,True,replicated_ASD_enhanced,57
ROI_067,ROI_026,66,25,0.24507564658236042,0.26104172548348664,0.24507564658236042,0.26104172548348664,0.25305868603292353,0.008980960099796077,0.002299552090315551,286,164,True,True,replicated_ASD_enhanced,73
ROI_067,ROI_029,66,28,-0.19737318797140044,-0.258653167878898,0.19737318797140044,0.258653167878898,0.22801317792514925,0.0436174127356128,0.00277558100324699,694,175,True,True,replicated_ASD_reduced,112
ROI_067,ROI_086,66,85,0.2455244024136812,0.2511662092447531,0.2455244024136812,0.2511662092447531,0.24834530582921716,0.00844745822035743,0.0037561854021643305,285,202,True,True,replicated_ASD_enhanced,79
ROI_067,ROI_088,66,87,0.27089195515373576,0.20628689975511894,0.27089195515373576,0.20628689975511894,0.23858942745442735,0.003512442036682337,0.019144878544170393,178,544,True,True,replicated_ASD_enhanced,99
ROI_068,ROI_035,67,34,0.216444123163825,0.1752530628025257,0.216444123163825,0.1752530628025257,0.19584859298317536,0.022875789255224273,0.04911170943430634,504,1017,True,True,replicated_ASD_enhanced,152
ROI_068,ROI_081,67,80,-0.19916708737019503,-0.20015226283285042,0.19916708737019503,0.20015226283285042,0.19965967510152272,0.04133640785367512,0.02397428345114826,667,610,True,True,replicated_ASD_reduced,150
ROI_069,ROI_001,68,0,0.2793514144455052,0.1781336273004407,0.2793514144455052,0.1781336273004407,0.22874252087297295,0.002237552648153292,0.046154649680560746,143,956,True,True,replicated_ASD_enhanced,110
ROI_070,ROI_001,69,0,0.2877331717099738,0.2494699382350708,0.2877331717099738,0.2494699382350708,0.2686015549725223,0.0016173096693152473,0.0037561854021643305,119,211,True,True,replicated_ASD_enhanced,45
ROI_070,ROI_057,69,56,0.43230919827979764,0.23603433550209632,0.43230919827979764,0.23603433550209632,0.33417176689094696,1.4040642925376627e-07,0.006455132992626206,11,291,True,True,replicated_ASD_enhanced,11
ROI_071,ROI_056,70,55,-0.20234742499607294,-0.205875885413891,0.20234742499607294,0.205875885413891,0.20411165520498198,0.03555152074021152,0.019144878544170393,630,547,True,True,replicated_ASD_reduced,143
ROI_071,ROI_077,70,76,0.24297737316722293,0.27795597261961774,0.24297737316722293,0.27795597261961774,0.26046667289342035,0.00882496305327327,0.0009651539029243813,299,124,True,True,replicated_ASD_enhanced,55
ROI_071,ROI_078,70,77,0.2456720406175985,0.2120646593296951,0.2456720406175985,0.2120646593296951,0.2288683499736468,0.007444134448256525,0.014773548358350498,281,489,True,True,replicated_ASD_enhanced,109
ROI_071,ROI_086,70,85,-0.21284000730132266,-0.19278867849841425,0.21284000730132266,0.19278867849841425,0.20281434289986844,0.026015201147870433,0.030875115831376514,535,708,True,True,replicated_ASD_reduced,146
ROI_072,ROI_077,71,76,0.28272100743186523,0.2530926744906649,0.28272100743186523,0.2530926744906649,0.26790684096126505,0.0018300207868781543,0.003116436991043458,132,194,True,True,replicated_ASD_enhanced,47
ROI_074,ROI_086,73,85,-0.2804523823806431,-0.27484844656389756,0.2804523823806431,0.27484844656389756,0.27765041447227035,0.002237552648153292,0.0012069563909655441,139,132,True,True,replicated_ASD_reduced,30
ROI_074,ROI_088,73,87,-0.28898244295734243,-0.22705487981677744,0.28898244295734243,0.22705487981677744,0.2580186613870599,0.0016551566148276943,0.009387305743264351,116,344,True,True,replicated_ASD_reduced,59
ROI_075,ROI_086,74,85,-0.2647648669561564,-0.21621544790272487,0.2647648669561564,0.21621544790272487,0.24049015742944063,0.004354507323321336,0.014152840779578782,205,440,True,True,replicated_ASD_reduced,93
ROI_076,ROI_056,75,55,-0.3105839547466606,-0.24655074033652646,0.3105839547466606,0.24655074033652646,0.2785673475415935,0.0007171199715939615,0.0046739434361236475,65,227,True,True,replicated_ASD_reduced,29
ROI_076,ROI_082,75,81,-0.4047179048591465,-0.1935111435869117,0.4047179048591465,0.1935111435869117,0.2991145242230291,1.2411930212182455e-06,0.028876214040460403,20,700,True,True,replicated_ASD_reduced,20
ROI_076,ROI_085,75,84,-0.2974433861891612,-0.25011968412593927,0.2974433861891612,0.25011968412593927,0.2737815351575502,0.0012077917207745643,0.00407830040490921,94,209,True,True,replicated_ASD_reduced,40
ROI_076,ROI_086,75,85,-0.2909640315774371,-0.25766686006022216,0.2909640315774371,0.25766686006022216,0.2743154458188296,0.0015342248236679592,0.0028739224571531093,110,178,True,True,replicated_ASD_reduced,39
ROI_077,ROI_017,76,16,-0.296413274716826,-0.1935585352897829,0.296413274716826,0.1935585352897829,0.24498590500330444,0.001116815713250285,0.028669050646147994,95,698,True,True,replicated_ASD_reduced,85
ROI_077,ROI_056,76,55,-0.2184001267164185,-0.2744330889830004,0.2184001267164185,0.2744330889830004,0.24641660784970945,0.021201038173052345,0.001142148811785215,486,135,True,True,replicated_ASD_reduced,83
ROI_077,ROI_071,76,70,0.24218867645750644,0.26457170417561604,0.24218867645750644,0.26457170417561604,0.2533801903165612,0.008980960099796077,0.00194897150662298,304,153,True,True,replicated_ASD_enhanced,70
ROI_077,ROI_072,76,71,0.22629448760388704,0.26846849659635963,0.22629448760388704,0.26846849659635963,0.24738149210012333,0.016147274542118874,0.0014729514447760458,415,146,True,True,replicated_ASD_enhanced,80
ROI_077,ROI_078,76,77,0.283912875919767,0.18702181515890695,0.283912875919767,0.18702181515890695,0.23546734553933696,0.0015274755626698022,0.03595971549909804,130,794,True,True,replicated_ASD_enhanced,101
ROI_077,ROI_079,76,78,-0.3458163794154175,-0.19086921465361498,0.3458163794154175,0.19086921465361498,0.26834279703451624,0.0001022916961934494,0.032505005674428857,33,725,True,True,replicated_ASD_reduced,46
ROI_077,ROI_082,76,81,-0.37047224238410464,-0.22675544384093158,0.37047224238410464,0.22675544384093158,0.2986138431125181,1.6280526732343753e-05,0.009387305743264351,26,350,True,True,replicated_ASD_reduced,21
ROI_077,ROI_085,76,84,-0.48578997351776204,-0.18533011633566907,0.48578997351776204,0.18533011633566907,0.33556004492671554,8.872984982409885e-09,0.03690343808967559,1,827,True,True,replicated_ASD_reduced,9
ROI_077,ROI_086,76,85,-0.33704038614794135,-0.21234138875375588,0.33704038614794135,0.21234138875375588,0.27469088745084863,0.00014081318647585377,0.015587889744630337,42,487,True,True,replicated_ASD_reduced,36
ROI_077,ROI_088,76,87,-0.21384819859364754,-0.1961064676653476,0.21384819859364754,0.1961064676653476,0.20497733312949756,0.026015201147870433,0.027388830007890823,525,663,True,True,replicated_ASD_reduced,142
ROI_078,ROI_017,77,16,-0.33179815983196514,-0.21066691344519414,0.33179815983196514,0.21066691344519414,0.27123253663857966,0.00019052944025825207,0.016160533415333245,44,498,True,True,replicated_ASD_reduced,43
ROI_078,ROI_056,77,55,-0.2773524868903934,-0.18471536870525637,0.2773524868903934,0.18471536870525637,0.2310339277978249,0.0023785956509855244,0.037921294302541306,150,838,True,True,replicated_ASD_reduced,106
ROI_078,ROI_058,77,57,-0.3418510772959294,-0.1787837924504697,0.3418510772959294,0.1787837924504697,0.2603174348731995,0.00010130889782372463,0.04391530260807219,37,945,True,True,replicated_ASD_reduced,56
ROI_078,ROI_069,77,68,-0.2146607743207892,-0.21484442891959676,0.2146607743207892,0.21484442891959676,0.214752601620193,0.02250484909378766,0.014773548358350498,519,456,True,True,replicated_ASD_reduced,130
ROI_078,ROI_070,77,69,-0.21799897849139122,-0.18512725580060094,0.21799897849139122,0.18512725580060094,0.20156311714599606,0.020417296367947875,0.03805652907052066,488,832,True,True,replicated_ASD_reduced,147
ROI_078,ROI_071,77,70,0.2432997211407421,0.21779219439986003,0.2432997211407421,0.21779219439986003,0.23054595777030107,0.008275829263353813,0.012135281332438052,295,425,True,True,replicated_ASD_enhanced,108
ROI_078,ROI_077,77,76,0.29110598701039136,0.19407597830591247,0.29110598701039136,0.19407597830591247,0.24259098265815193,0.001116815713250285,0.02905946113335059,108,692,True,True,replicated_ASD_enhanced,89
ROI_078,ROI_079,77,78,-0.34266280176153524,-0.21089108043220756,0.34266280176153524,0.21089108043220756,0.2767769410968714,0.00011968593649972575,0.015969625124059434,36,497,True,True,replicated_ASD_reduced,31
ROI_078,ROI_082,77,81,-0.42774972363120783,-0.31262299759651546,0.42774972363120783,0.31262299759651546,0.3701863606138617,2.2006219929853622e-07,0.00016690616367915758,13,53,True,True,replicated_ASD_reduced,4
ROI_078,ROI_085,77,84,-0.45119147737190624,-0.20213096726302723,0.45119147737190624,0.20213096726302723,0.32666122231746675,5.167112676134804e-08,0.02225084409399576,6,588,True,True,replicated_ASD_reduced,12
ROI_078,ROI_086,77,85,-0.47042847925562437,-0.2704970002154099,0.47042847925562437,0.2704970002154099,0.37046273973551713,1.783346555085744e-08,0.0014729514447760458,3,143,True,True,replicated_ASD_reduced,3
ROI_079,ROI_078,78,77,-0.29449121962190433,-0.18297121008263675,0.29449121962190433,0.18297121008263675,0.23873121485227056,0.0013873894570810542,0.03918081569962103,99,875,True,True,replicated_ASD_reduced,98
ROI_080,ROI_081,79,80,0.19999309460389808,0.26464947640975317,0.19999309460389808,0.26464947640975317,0.23232128550682563,0.04230193837314035,0.0019236031097929552,654,152,True,True,replicated_ASD_enhanced,104
ROI_081,ROI_035,80,34,-0.2629168863562874,-0.22267798507523887,0.2629168863562874,0.22267798507523887,0.24279743571576312,0.00469737367439182,0.010984975515777987,213,382,True,True,replicated_ASD_reduced,87
ROI_081,ROI_036,80,35,-0.29899590086796624,-0.3338252658348463,0.29899590086796624,0.3338252658348463,0.31641058335140626,0.0011232474107585268,5.070597018988538e-05,89,37,True,True,replicated_ASD_reduced,15
ROI_081,ROI_068,80,67,-0.22370392605863845,-0.2082819073197206,0.22370392605863845,0.2082819073197206,0.21599291668917953,0.018974380818999766,0.017890590015498486,444,525,True,True,replicated_ASD_reduced,129
ROI_082,ROI_072,81,71,-0.21034175804083252,-0.23438598241173053,0.21034175804083252,0.23438598241173053,0.2223638702262815,0.029644142430102067,0.006645985131041699,562,302,True,True,replicated_ASD_reduced,120
ROI_082,ROI_076,81,75,-0.36611738769421553,-0.20517121852677703,0.36611738769421553,0.20517121852677703,0.28564430311049627,2.2827925143824738e-05,0.01955293109796272,29,555,True,True,replicated_ASD_reduced,24
ROI_082,ROI_077,81,76,-0.3197768304341062,-0.20595507165103755,0.3197768304341062,0.20595507165103755,0.2628659510425719,0.0003783941443315786,0.019144878544170393,56,545,True,True,replicated_ASD_reduced,50
ROI_082,ROI_078,81,77,-0.4258359177140376,-0.30984572259953536,0.4258359177140376,0.30984572259953536,0.3678408201567865,2.644325658307809e-07,0.000202039566641698,14,56,True,True,replicated_ASD_reduced,5
ROI_085,ROI_004,84,3,0.19758883169818783,0.19364996357277275,0.19758883169818783,0.19364996357277275,0.1956193976354803,0.04347204459092307,0.028448638218154944,691,697,True,True,replicated_ASD_enhanced,153
ROI_085,ROI_037,84,36,-0.4069249426266004,-0.2990245015176823,0.4069249426266004,0.2990245015176823,0.3529747220721413,1.3935773119107343e-06,0.0003727690979962724,19,73,True,True,replicated_ASD_reduced,7
ROI_085,ROI_038,84,37,-0.3770141618236373,-0.19083512219840487,0.3770141618236373,0.19083512219840487,0.2839246420110211,1.330921599986953e-05,0.03229606583481309,24,726,True,True,replicated_ASD_reduced,25
ROI_085,ROI_041,84,40,-0.2596013963144304,-0.3061213411025224,0.2596013963144304,0.3061213411025224,0.28286136870847645,0.004973697261877755,0.00025959769577640353,230,62,True,True,replicated_ASD_reduced,26
ROI_085,ROI_042,84,41,-0.22618897423830792,-0.19611147354887412,0.22618897423830792,0.19611147354887412,0.211150223893591,0.01748500618184646,0.02781125932988099,421,662,True,True,replicated_ASD_reduced,136
ROI_085,ROI_076,84,75,-0.24143187082034454,-0.230029200277143,0.24143187082034454,0.230029200277143,0.23573053554874376,0.010754218187903557,0.008727808267909797,311,327,True,True,replicated_ASD_reduced,100
ROI_085,ROI_077,84,76,-0.44019348583968637,-0.20203981906167132,0.44019348583968637,0.20203981906167132,0.32111665245067883,1.2431340339127333e-07,0.02225084409399576,8,590,True,True,replicated_ASD_reduced,13
ROI_085,ROI_078,84,77,-0.432499652036942,-0.18746949188405929,0.432499652036942,0.18746949188405929,0.30998457196050067,1.9796786516126827e-07,0.03552274925482993,10,788,True,True,replicated_ASD_reduced,17
ROI_086,ROI_003,85,2,0.242473846192201,0.24281874191417369,0.242473846192201,0.24281874191417369,0.24264629405318733,0.01038824534615021,0.004923529861327753,302,252,True,True,replicated_ASD_enhanced,88
ROI_086,ROI_007,85,6,0.2269120955016864,0.2845552424104099,0.2269120955016864,0.2845552424104099,0.25573366895604815,0.016993290964520624,0.0007185731892551885,413,103,True,True,replicated_ASD_enhanced,65
ROI_086,ROI_037,85,36,-0.2641525025694148,-0.2504221313546551,0.2641525025694148,0.2504221313546551,0.25728731696203494,0.004098861124619159,0.0038052119223083787,209,207,True,True,replicated_ASD_reduced,61
ROI_086,ROI_038,85,37,-0.47249568873110376,-0.28651606008324776,0.47249568873110376,0.28651606008324776,0.37950587440717576,1.9347608942026693e-08,0.0006653891192028692,2,98,True,True,replicated_ASD_reduced,2
ROI_086,ROI_067,85,66,0.271916146632668,0.2194748587443343,0.271916146632668,0.2194748587443343,0.24569550268850116,0.002965957110040287,0.012403675337664831,171,414,True,True,replicated_ASD_enhanced,84
ROI_086,ROI_074,85,73,-0.2576533498226781,-0.24941156583254337,0.2576533498226781,0.24941156583254337,0.25353245782761075,0.005325125059813073,0.004107730323189741,236,212,True,True,replicated_ASD_reduced,69
ROI_086,ROI_075,85,74,-0.2158600597951407,-0.20273602100942903,0.2158600597951407,0.20273602100942903,0.20929804040228486,0.02542657264325718,0.02201901846617592,509,581,True,True,replicated_ASD_reduced,140
ROI_086,ROI_076,85,75,-0.24042990713604206,-0.24049624655662435,0.24042990713604206,0.24049624655662435,0.24046307684633322,0.011072844224686887,0.005654522221447032,321,268,True,True,replicated_ASD_reduced,94
ROI_086,ROI_077,85,76,-0.26686381728082664,-0.17993016221311223,0.26686381728082664,0.17993016221311223,0.22339698974696942,0.0036494967153772135,0.04391789931410471,193,916,True,True,replicated_ASD_reduced,119
ROI_086,ROI_078,85,77,-0.42988084185403985,-0.2463192048337889,0.42988084185403985,0.2463192048337889,0.33810002334391437,2.1857842406159413e-07,0.004509464986327511,12,229,True,True,replicated_ASD_reduced,8
ROI_088,ROI_023,87,22,0.23225105855603317,0.1955740402458703,0.23225105855603317,0.1955740402458703,0.21391254940095172,0.015244576129288541,0.028056897563654714,358,669,True,True,replicated_ASD_enhanced,132
ROI_088,ROI_038,87,37,-0.27831633094844527,-0.17766110899865206,0.27831633094844527,0.17766110899865206,0.22798871997354866,0.0027258118091508083,0.0467119369426159,147,963,True,True,replicated_ASD_reduced,113
ROI_088,ROI_042,87,41,-0.242999104415924,-0.25974963926736044,0.242999104415924,0.25974963926736044,0.25137437184164224,0.01038824534615021,0.00277558100324699,298,170,True,True,replicated_ASD_reduced,74
ROI_088,ROI_065,87,64,0.26475892203884716,0.2532809593143418,0.26475892203884716,0.2532809593143418,0.2590199406765945,0.004079561571850963,0.0034761262984710226,206,192,True,True,replicated_ASD_enhanced,58
ROI_088,ROI_067,87,66,0.2483403409063096,0.21364587491121742,0.2483403409063096,0.21364587491121742,0.2309931079087635,0.008550067079405324,0.014792830534279981,264,472,True,True,replicated_ASD_enhanced,107
ROI_088,ROI_074,87,73,-0.2872439826223531,-0.21496493478870024,0.2872439826223531,0.21496493478870024,0.25110445870552667,0.001905549219992462,0.014217223419630647,120,452,True,True,replicated_ASD_reduced,76
ROI_089,ROI_009,88,8,0.28461513469274236,0.23847854518404463,0.28461513469274236,0.23847854518404463,0.2615468399383935,0.0019768639911562427,0.006107779990447179,129,277,True,True,replicated_ASD_enhanced,52
ROI_089,ROI_037,88,36,-0.24584905736785545,-0.21907459389610312,0.24584905736785545,0.21907459389610312,0.23246182563197929,0.008980960099796077,0.012403675337664831,280,417,True,True,replicated_ASD_reduced,103
ROI_089,ROI_038,88,37,-0.30293447581560157,-0.20373091968039914,0.30293447581560157,0.20373091968039914,0.2533326977480004,0.0010145993084037094,0.021029666146611004,80,568,True,True,replicated_ASD_reduced,71
ROI_090,ROI_038,89,37,-0.33938477323655464,-0.18245595099431544,0.33938477323655464,0.18245595099431544,0.260920362115435,0.00014365115837770953,0.039550209909181455,39,882,True,True,replicated_ASD_reduced,54
ROI_090,ROI_053,89,52,0.2009029658450959,0.20114067574036218,0.2009029658450959,0.20114067574036218,0.20102182079272904,0.04038830622875115,0.022520008361450836,643,602,True,True,replicated_ASD_enhanced,148
ROI_090,ROI_060,89,59,0.26961449552838473,0.3417357618256476,0.26961449552838473,0.3417357618256476,0.3056751286770162,0.003556101647432755,2.6821141859090992e-05,181,32,True,True,replicated_ASD_enhanced,19
ROI_090,ROI_076,89,75,-0.19885950265658767,-0.18633064981134825,0.19885950265658767,0.18633064981134825,0.19259507623396796,0.041864279485056194,0.03690343808967559,672,814,True,True,replicated_ASD_reduced,161
